id,name,municipality_id/id,code
par_la_esmeralda_alto_orinoco_am,La Esmeralda,mun_alto_orinoco_am,ESM
par_huachamacare_alto_orinoco_am,Huachamacare,mun_alto_orinoco_am,HUA
par_marawaka_alto_orinoco_am,Marawaka,mun_alto_orinoco_am,MWK
par_mavaca_alto_orinoco_am,Mavaca,mun_alto_orinoco_am,MAV
par_sierra_parima_alto_orinoco_am,Sierra Parima,mun_alto_orinoco_am,SPA
par_san_fernando_atabapo_am,San Fernando de Atabapo,mun_atabapo_am,SFA
par_urbana_atabapo_am,Urbana,mun_atabapo_am,URB
par_puerto_ayacucho_atures_am,Puerto Ayacucho,mun_atures_am,PAY
par_fernando_giron_atures_am,Fernando Girón Tovar,mun_atures_am,FGT
par_luis_rivas_atures_am,Luis Alberto Rivas,mun_atures_am,LAR
par_isla_raton_autana_am,Isla Ratón,mun_autana_am,IRT
par_samariapo_autana_am,Samariapo,mun_autana_am,SAM
par_sipapo_autana_am,Sipapo,mun_autana_am,SIP
par_solano_autana_am,Solano,mun_autana_am,SOL
par_maroa_maroa_am,Maroa,mun_maroa_am,MAR
par_victorino_maroa_am,Victorino,mun_maroa_am,VIC
par_san_juan_manapiare_am,San Juan de Manapiare,mun_manapiare_am,SJM
par_san_carlos_rio_negro_am,San Carlos de Río Negro,mun_rio_negro_am,SCR
par_solano_rio_negro_am,Solano,mun_rio_negro_am,SOLR
par_anaco_an,Anaco,mun_anaco_an,ANA
par_san_joaquin_an,San Joaquín,mun_anaco_an,SJQ
par_aragua_an,Aragua de Barcelona,mun_aragua_an,ARG
par_cachipo_an,Cachipo,mun_aragua_an,CAC
par_puerto_piritu_an,Puerto Píritu,mun_fernando_peñalver_an,PPI
par_san_miguel_an,San Miguel,mun_fernando_peñalver_an,SMI
par_sucre_an,Sucre,mun_fernando_peñalver_an,SUC
par_cantaura_an,Cantaura,mun_freites_an,CAN
par_libertador_freites_an,Libertador,mun_freites_an,LIB
par_santa_rosa_freites_an,Santa Rosa,mun_freites_an,SRO
par_guanta_an,Guanta,mun_guanta_an,GUA
par_chorreron_an,Chorrerón,mun_guanta_an,CHO
par_soledad_an,Soledad,mun_independencia_an,SOL
par_puerto_la_cruz_an,Puerto La Cruz,mun_juan_antonio_sotillo_an,PLC
par_chuparin_an,Chuparín,mun_juan_antonio_sotillo_an,CHU
par_onoto_an,Onoto,mun_juan_manuela_cajigal_an,ONO
par_san_pablo_an,San Pablo,mun_juan_manuela_cajigal_an,SPB
par_san_mateo_an,San Mateo,mun_libertad_an,SMT
par_el_carmen_an,El Carmen,mun_libertad_an,ECM
par_pariaguan_an,Pariaguán,mun_miranda_an,PAR
par_mapire_an,Mapire,mun_monagas_an,MAP
par_piar_an,Piar,mun_monagas_an,PIA
par_santa_clara_an,Santa Clara,mun_monagas_an,SCL
par_clarines_an,Clarines,mun_peñalver_an,CLA
par_guraguao_an,Guraguaro,mun_peñalver_an,GUR
par_sabana_de_piedra_an,Sabana de Piedra,mun_peñalver_an,SPD
par_piritu_an,Píritu,mun_piritu_an,PIR
par_san_francisco_an,San Francisco,mun_piritu_an,SFR
par_santa_ana_an,Santa Ana,mun_san_jose_g_ana,SAN
par_pueblo_nuevo_an,Pueblo Nuevo,mun_san_jose_g_ana,PNU
par_boca_uchire_an,Boca de Uchire,mun_san_juan_capistrano_an,BUC
par_boca_de_chavez_an,Boca de Chávez,mun_san_juan_capistrano_an,BCH
par_barcelona_an,Barcelona,mun_simon_bolivar_an,BAR
par_el_carmen_bolivar_an,El Carmen,mun_simon_bolivar_an,ECM
par_san_cristobal_an,San Cristóbal,mun_simon_bolivar_an,SCR
par_bergantin_an,Bergantín,mun_simon_bolivar_an,BER
par_caigua_an,Caigua,mun_simon_bolivar_an,CAI
par_naricual_an,Naricual,mun_simon_bolivar_an,NAR
par_el_tigre_an,El Tigre,mun_simon_rodriguez_an,TIG
par_san_jose_g_an,San José de Guanipa,mun_simon_rodriguez_an,SJG
par_lecheria_an,Lechería,mun_sotillo_an,LEC
par_el_morro_an,El Morro,mun_sotillo_an,MOR
par_diego_bautista_an,Diego Bautista Urbaneja,mun_urbaneja_an,DBU
par_achaguas_achaguas_ap,Achaguas,mun_biruel_ap,ACH
par_apurito_achaguas_ap,Apurito,mun_biruel_ap,APU
par_el_yagual_achaguas_ap,El Yagual,mun_biruel_ap,EYG
par_guachara_achaguas_ap,Guachara,mun_biruel_ap,GUA
par_mucuritas_achaguas_ap,Mucuritas,mun_biruel_ap,MUC
par_queseras_achaguas_ap,Queseras del Medio,mun_biruel_ap,QDM
par_biruaca_biruaca_ap,Biruaca,mun_biruaca_ap,BIR
par_bruzual_munoz_ap,Bruzual,mun_munoz_ap,BRU
par_mantecal_munoz_ap,Mantecal,mun_munoz_ap,MAN
par_quirachiro_munoz_ap,Quirachiro,mun_munoz_ap,QUI
par_san_vicente_munoz_ap,San Vicente,mun_munoz_ap,SVC
par_guasdualito_paez_ap,Guasdualito,mun_paez_ap,GUA
par_arichuna_paez_ap,Arichuna,mun_paez_ap,ARI
par_el_amparo_paez_ap,El Amparo,mun_paez_ap,AMP
par_san_camilo_paez_ap,San Camilo,mun_paez_ap,SCM
par_urrutia_paez_ap,Urdaneta,mun_paez_ap,URD
par_san_jose_camejo_ap,San José de Guaribe,mun_pedro_camejo_ap,SJG
par_codazzi_camejo_ap,Codazzi,mun_pedro_camejo_ap,COD
par_cunaviche_camejo_ap,Cunaviche,mun_pedro_camejo_ap,CUN
par_elorza_romulo_ap,Elorza,mun_romulo_gallegos_ap,ELO
par_la_trinidad_romulo_ap,La Trinidad,mun_romulo_gallegos_ap,LTR
par_san_fernando_sanfernando_ap,San Fernando,mun_san_fernando_ap,SFE
par_el_recreo_sanfernando_ap,El Recreo,mun_san_fernando_ap,REC
par_peñalver_sanfernando_ap,Peñalver,mun_san_fernando_ap,PEN
par_san_mateo_bolivar_ar,San Mateo,mun_bolivar_ar,SMT
par_camatagua_camatagua_ar,Camatagua,mun_camatiagua_ar,CAM
par_carmen_camatagua_ar,Carmen de Cura,mun_camatiagua_ar,CDC
par_santa_rita_fla_ar,Santa Rita,mun_fla_ar,SRT
par_francisco_linares_ar,Francisco Linares Alcántara,mun_fla_ar,FLA
par_monterrey_fla_ar,Monterrey,mun_fla_ar,MON
par_las_delicias_girardot_ar,Las Delicias,mun_girardot_ar,DEL
par_choroni_girardot_ar,Choroní,mun_girardot_ar,CHO
par_joaquin_crespo_girardot_ar,Joaquín Crespo,mun_girardot_ar,JCR
par_madre_maria_girardot_ar,Madre María,mun_girardot_ar,MMR
par_pedro_jose_ovalles_girardot_ar,Pedro José Ovalles,mun_girardot_ar,PJO
par_jose_casal_girardot_ar,José Casal,mun_girardot_ar,JCA
par_victoria_ribas_ar,La Victoria,mun_jose_felix_ribas_ar,LVIC
par_zua_ribas_ar,Zua,mun_jose_felix_ribas_ar,ZUA
par_castor_ribas_ar,Castor Nieves Ríos,mun_jose_felix_ribas_ar,CNR
par_las_guacamayas_ribas_ar,Las Guacamayas,mun_jose_felix_ribas_ar,LGU
par_pao_ribas_ar,Pao de Zárate,mun_jose_felix_ribas_ar,PAO
par_el_consejo_revenga_ar,El Consejo,mun_jose_rangel_ar,CON
par_santa_cruz_lamas_ar,Santa Cruz,mun_lamas_ar,SCR
par_palo_negro_libertador_ar,Palo Negro,mun_libertador_ar,PNG
par_san_martin_libertador_ar,San Martín,mun_libertador_ar,SMT
par_el_limón_mbi_ar,El Limón,mun_mario_briceño_ar,ELM
par_caña_de_azucar_mbi_ar,Caña de Azúcar,mun_mario_briceño_ar,CDA
par_turmero_marino_ar,Turmero,mun_mariño_ar,TUR
par_samán_marino_ar,Samán de Güere,mun_mariño_ar,SGU
par_santa_rita_miranda_ar,Santa Rita,mun_miranda_ar,SRT
par_san_francisco_miranda_ar,San Francisco,mun_miranda_ar,SFR
par_ocumare_ocumare_ar,Ocumare de la Costa,mun_ocumare_ar,OCU
par_san_casimiro_scas_ar,San Casimiro,mun_san_casimiro_ar,SCA
par_gabriel_picon_scas_ar,Gabriel Picón,mun_san_casimiro_ar,GPI
par_san_sebastian_sseb_ar,San Sebastián,mun_san_sebastian_ar,SSE
par_mariño_smar_ar,Mariño,mun_santiago_marino_ar,MAR
par_araguita_smar_ar,Aragüita,mun_santiago_marino_ar,ARG
par_chuao_smar_ar,Chuao,mun_santiago_marino_ar,CHU
par_samán_smar_ar,Samán de Güere,mun_santiago_marino_ar,SGU
par_las_tejerias_smic_ar,Las Tejerías,mun_santos_michelena_ar,LTJ
par_tiara_smic_ar,Tiara,mun_santos_michelena_ar,TIA
par_cagua_sucre_ar,Cagua,mun_sucre_ar,CAG
par_bella_vista_sucre_ar,Bella Vista,mun_sucre_ar,BVI
par_tovar_tovar_ar,Tovar,mun_tovar_ar,TOV
par_sabaneta_aatorrealba_ba,Sabaneta,mun_alberto_arvelo_ba,SAB
par_rodriguez_dominguez_aatorrealba_ba,Rodríguez Domínguez,mun_alberto_arvelo_ba,RDO
par_el_canton_aeb_ba,El Cantón,mun_andres_e_blanco_ba,CAN
par_santa_cruz_aeb_ba,Santa Cruz de Guacas,mun_andres_e_blanco_ba,SCG
par_potrerito_aeb_ba,Potrerito,mun_andres_e_blanco_ba,POT
par_arismendi_arismendi_ba,Arismendi,mun_arismendi_ba,ARI
par_guadarrama_arismendi_ba,Guadarrama,mun_arismendi_ba,GUA
par_la_union_arismendi_ba,La Unión,mun_arismendi_ba,LUN
par_san_antonio_arismendi_ba,San Antonio,mun_arismendi_ba,SAN
par_barinas_barinas_ba,Barinas,mun_barinas_ba,BAR
par_ramon_ignacio_mendez_barinas_ba,Ramón Ignacio Méndez,mun_barinas_ba,RIM
par_alto_barinas_barinas_ba,Alto Barinas,mun_barinas_ba,ALB
par_corazon_jesus_barinas_ba,Corazón de Jesús,mun_barinas_ba,CDJ
par_manuel_palacio_barinas_ba,Manuel Palacio Fajardo,mun_barinas_ba,MPF
par_dolores_barinas_ba,Dolores,mun_barinas_ba,DOL
par_barrancas_barinas_ba,Barrancas,mun_barinas_ba,BAR2
par_el_carmen_barinas_ba,El Carmen,mun_barinas_ba,ECM
par_romulo_betancourt_barinas_ba,Rómulo Betancourt,mun_barinas_ba,RBT
par_juan_pablo_barinas_ba,Juan Pablo II,mun_barinas_ba,JP2
par_barinitas_bolivar_ba,Barinitas,mun_bolivar_ba,BTS
par_altamira_bolivar_ba,Altamira,mun_bolivar_ba,ALT
par_calderas_bolivar_ba,Calderas,mun_bolivar_ba,CAL
par_barrancas_cruzparedes_ba,Barrancas,mun_cruz_paredes_ba,BAR3
par_el_socorro_cruzparedes_ba,El Socorro,mun_cruz_paredes_ba,ESO
par_masia_cruzparedes_ba,Masparrito,mun_cruz_paredes_ba,MAS
par_santa_barbara_ez_ba,Santa Bárbara,mun_ezequiel_zamora_ba,SBA
par_jose_ignacio_del_pumar_ez_ba,José Ignacio del Pumar,mun_ezequiel_zamora_ba,JIP
par_pedro_briceño_ez_ba,Pedro Briceño Méndez,mun_ezequiel_zamora_ba,PBM
par_ramón_ignacio_ez_ba,Ramón Ignacio Méndez,mun_ezequiel_zamora_ba,RIM2
par_obispos_obispos_ba,Obispos,mun_obispos_ba,OBI
par_los_guasimitos_obispos_ba,Los Guasimitos,mun_obispos_ba,LGU
par_el_real_obispos_ba,El Real,mun_obispos_ba,ERE
par_la_luz_obispos_ba,La Luz,mun_obispos_ba,LUZ
par_ciudad_bolivia_pedraza_ba,Ciudad Bolivia,mun_pedraza_ba,CBO
par_ignacio_bravo_pedraza_ba,Ignacio Briceño,mun_pedraza_ba,IBR
par_piedra_azul_pedraza_ba,Piedra Azul,mun_pedraza_ba,PAZ
par_rodriguez_pedraza_ba,Rodríguez,mun_pedraza_ba,ROD
par_libertad_rojas_ba,Libertad,mun_rivas_davila_ba,LIB
par_dolores_rojas_ba,Dolores,mun_rivas_davila_ba,DOL2
par_palo_alto_rojas_ba,Palo Alto,mun_rivas_davila_ba,PAL
par_ciudad_de_nutrias_sosa_ba,Ciudad de Nutrias,mun_sosa_ba,NUT
par_el_regalo_sosa_ba,El Regalo,mun_sosa_ba,REG
par_puerto_de_nutrias_sosa_ba,Puerto de Nutrias,mun_sosa_ba,PDN
par_santa_catalina_sosa_ba,Santa Catalina,mun_sosa_ba,SCA
par_catedral_heres_bo,Catedral,mun_her_soto_bo,CAT
par_agua_salud_heres_bo,Agua Salada,mun_her_soto_bo,ASL
par_marhuanta_heres_bo,Marhuanta,mun_her_soto_bo,MRH
par_la_sabanita_heres_bo,La Sabanita,mun_her_soto_bo,LSA
par_vista_hermosa_heres_bo,Vista Hermosa,mun_her_soto_bo,VHE
par_unare_caroni_bo,Unare,mun_caroni_bo,UNA
par_universidad_caroni_bo,Universidad,mun_caroni_bo,UNI
par_dalla_costa_caroni_bo,Dalla Costa,mun_caroni_bo,DCO
par_chirica_caroni_bo,Chirica,mun_caroni_bo,CHI
par_once_de_abril_caroni_bo,Once de Abril,mun_caroni_bo,OAB
par_simon_bolivar_caroni_bo,Simón Bolívar,mun_caroni_bo,SBO
par_pozuelos_caroni_bo,Pozuelos,mun_caroni_bo,POZ
par_yocoima_caroni_bo,Yocoima,mun_caroni_bo,YOC
par_cachamay_caroni_bo,Cachamay,mun_caroni_bo,CCH
par_chiripero_caroni_bo,Chiripero,mun_caroni_bo,CHP
par_caicara_cedeno_bo,Caicara del Orinoco,mun_cedeno_bo,CAI
par_altagracia_cedeno_bo,Altagracia,mun_cedeno_bo,ALT
par_la_urbana_cedeno_bo,La Urbana,mun_cedeno_bo,URB
par_santa_barbara_cedeno_bo,Santa Bárbara,mun_cedeno_bo,SBA
par_el_callao_callao_bo,El Callao,mun_el_callao_bo,ECA
par_santa_elena_gran_sabana_bo,Santa Elena de Uairén,mun_gran_sabana_bo,SEU
par_ikabaru_gran_sabana_bo,Ikabarú,mun_gran_sabana_bo,IKA
par_el_palmar_ppchien_bo,El Palmar,mun_padre_pedro_chien_bo,EPM
par_upata_piar_bo,Upata,mun_pi_ar_bo,UPA
par_andres_elo_piar_bo,Andrés Eloy Blanco,mun_pi_ar_bo,AEB
par_piar_piar_bo,Piar,mun_pi_ar_bo,PIA
par_maripa_rleoni_bo,Maripa,mun_raul_leoni_bo,MRP
par_aripao_rleoni_bo,Aripao,mun_raul_leoni_bo,ARP
par_guarataro_rleoni_bo,Guarataro,mun_raul_leoni_bo,GTO
par_las_majadas_rleoni_bo,Las Majadas,mun_raul_leoni_bo,LMJ
par_guasipati_roscio_bo,Guasipati,mun_roscio_bo,GUA
par_salomon_roscio_bo,Salomón,mun_roscio_bo,SAL
par_tumeremo_sifontes_bo,Tumeremo,mun_sifontes_bo,TUM
par_dalla_costa_sifontes_bo,Dalla Costa,mun_sifontes_bo,DCO
par_san_isidro_sifontes_bo,San Isidro,mun_sifontes_bo,SIS
par_aripao_sucre_bo,Aripao,mun_sucre_bo,ARP
par_moitaco_sucre_bo,Moitaco,mun_sucre_bo,MOI
par_tumeremo_sucre_bo,Tumeremo,mun_sucre_bo,TUM2
par_bejuma_bejuma_ca,Bejuma,mun_bejuma_ca,BEJ
par_canoabo_bejuma_ca,Canoabo,mun_bejuma_ca,CAN
par_simon_bolivar_bejuma_ca,Simón Bolívar,mun_bejuma_ca,SBO
par_güigüe_car_ca,Güigüe,mun_carlos_arvelo_ca,GUI
par_belén_car_ca,Belén,mun_carlos_arvelo_ca,BEL
par_tacarigua_car_ca,Tacarigua,mun_carlos_arvelo_ca,TAC
par_mariara_dib_ca,Mariara,mun_diego_ibarra_ca,MAR
par_aguas_calientes_dib_ca,Aguas Calientes,mun_diego_ibarra_ca,AGC
par_guacara_guacara_ca,Guacara,mun_guacara_ca,GUA
par_yagua_guacara_ca,Yagua,mun_guacara_ca,YAG
par_ciudad_alianza_guacara_ca,Ciudad Alianza,mun_guacara_ca,CAL
par_moron_jjm_ca,Morón,mun_juan_jose_mora_ca,MOR
par_urama_jjm_ca,Urama,mun_juan_jose_mora_ca,URA
par_tocuyito_lib_ca,Tocuyito,mun_libertador_ca,TOC
par_industrial_lib_ca,Independencia,mun_libertador_ca,IND
par_los_guayos_lg_ca,Los Guayos,mun_los_guayos_ca,LGU
par_miranda_mir_ca,Miranda,mun_miranda_ca,MIR
par_montalban_mon_ca,Montalbán,mun_montalban_ca,MON
par_naguanagua_nag_ca,Naguanagua,mun_naguanagua_ca,NAG
par_bartolome_salomon_ptc_ca,Bartolomé Salom,mun_puerto_cabello_ca,BSA
par_borburata_ptc_ca,Borburata,mun_puerto_cabello_ca,BOR
par_democracia_ptc_ca,Democracia,mun_puerto_cabello_ca,DEM
par_fraternidad_ptc_ca,Fraternidad,mun_puerto_cabello_ca,FRA
par_goaigoaza_ptc_ca,Goaigoaza,mun_puerto_cabello_ca,GOA
par_juan_jose_flores_ptc_ca,Juan José Flores,mun_puerto_cabello_ca,JJF
par_patana_ptc_ca,Patana,mun_puerto_cabello_ca,PAT
par_union_ptc_ca,Unión,mun_puerto_cabello_ca,UNI
par_san_diego_san_ca,San Diego,mun_san_diego_ca,SAN
par_san_joaquin_sjq_ca,San Joaquín,mun_san_joaquin_ca,SJQ
par_catedral_valencia_ca,Catedral,mun_valencia_ca,CAT
par_san_jose_valencia_ca,San José,mun_valencia_ca,SJO
par_santa_rosa_valencia_ca,Santa Rosa,mun_valencia_ca,SRO
par_miguel_peña_valencia_ca,Miguel Peña,mun_valencia_ca,MPE
par_cojedes_anzoategui_co,Cojedes,mun_anzoategui_co,COJ
par_juan_de_mata_anzoategui_co,Juan de Mata Suárez,mun_anzoategui_co,JMS
par_tinaquillo_tinaquillo_co,Tinaquillo,mun_tinaquillo_co,TIN
par_el_baúl_girardot_co,El Baúl,mun_girardot_co,EBA
par_sucre_girardot_co,Sucre,mun_girardot_co,SUC
par_macapo_lima_blanco_co,Macapo,mun_lima_blanco_co,MAC
par_la_aguadita_lima_blanco_co,La Aguadita,mun_lima_blanco_co,LAG
par_pao_pao_co,Pao de San Juan Bautista,mun_pao_san_juan_bautista_co,PAO
par_ortiz_ez_co,Ortiz,mun_ezequiel_zamora_co,ORT
par_san_francisco_ez_co,San Francisco de Tiznados,mun_ezequiel_zamora_co,SFT
par_las_vegas_romulo_co,Las Vegas,mun_romulo_gallegos_co,LVG
par_san_carlos_sancarlos_co,San Carlos,mun_san_carlos_co,SCA
par_mata_carmelera_sancarlos_co,Mata Carmelera,mun_san_carlos_co,MTC
par_las_vegas_sancarlos_co,Las Vegas,mun_san_carlos_co,LVG2
par_tinaco_tinaco_co,Tinaco,mun_tinaco_co,TNC
par_argimiro_garcia_tucupita_da,Argimiro García,mun_tucupita_da,ARG
par_san_jose_tucupita_da,San José,mun_tucupita_da,SJO
par_virgen_valle_tucupita_da,Virgen del Valle,mun_tucupita_da,VDV
par_leonardo_ruiz_tucupita_da,Leonardo Ruiz Pineda,mun_tucupita_da,LRP
par_jose_vidal_tucupita_da,José Vidal Marcano,mun_tucupita_da,JVM
par_san_rafael_tucupita_da,San Rafael,mun_tucupita_da,SRA
par_imataca_casacoima_da,Imataca,mun_casacoima_da,IMA
par_juan_millan_casacoima_da,Juan Millán,mun_casacoima_da,JMI
par_manuel_renaud_casacoima_da,Manuel Renaud,mun_casacoima_da,MRE
par_padre_barrera_casacoima_da,Padre Barrera,mun_casacoima_da,PBA
par_luis_beltran_pedernales_da,Luis Beltrán Prieto Figueroa,mun_pedernales_da,LBP
par_pedernales_pedernales_da,Pedernales,mun_pedernales_da,PED
par_curiapo_antonio_diaz_da,Curiapo,mun_antonio_diaz_da,CUR
par_altagracia_antonio_diaz_da,Altagracia,mun_antonio_diaz_da,ALT
par_boca_cuyubini_antonio_diaz_da,Boca de Cuyubini,mun_antonio_diaz_da,BCU
par_murako_antonio_diaz_da,Murako,mun_antonio_diaz_da,MUR
par_santos_de_agua_antonio_diaz_da,Santos de Agua,mun_antonio_diaz_da,SAG
par_araguaimujo_antonio_diaz_da,Araguaimujo,mun_antonio_diaz_da,ARG2
par_manuela_sanchez_antonio_diaz_da,Manuela Sánchez,mun_antonio_diaz_da,MSA
par_casacoima_antonio_diaz_da,Casacoima (fluvial),mun_antonio_diaz_da,CAS2
par_barrancas_antonio_diaz_da,Barrancas del Orinoco (sector fluvial),mun_antonio_diaz_da,BAR
par_23enero_libertador_dc,23 de Enero,mun_libertador_dc,23E
par_altagracia_libertador_dc,Altagracia,mun_libertador_dc,ALT
par_antimano_libertador_dc,Antímano,mun_libertador_dc,ANT
par_candelaria_libertador_dc,La Candelaria,mun_libertador_dc,CAN
par_catedral_libertador_dc,Catedral,mun_libertador_dc,CAT
par_coche_libertador_dc,Coche,mun_libertador_dc,COC
par_eljunquito_libertador_dc,El Junquito,mun_libertador_dc,JUN
par_elparaiso_libertador_dc,El Paraíso,mun_libertador_dc,PAR
par_elrecreo_libertador_dc,El Recreo,mun_libertador_dc,REC
par_elvalle_libertador_dc,El Valle,mun_libertador_dc,VAL
par_lapastora_libertador_dc,La Pastora,mun_libertador_dc,PAS
par_lavega_libertador_dc,La Vega,mun_libertador_dc,VEG
par_macarao_libertador_dc,Macarao,mun_libertador_dc,MAC
par_sanjuan_libertador_dc,San Juan,mun_libertador_dc,SJU
par_sansimon_libertador_dc,San Simón,mun_libertador_dc,SSI
par_santarosalia_libertador_dc,Santa Rosalía,mun_libertador_dc,SRO
par_santateresa_libertador_dc,Santa Teresa,mun_libertador_dc,STE
par_sucre_libertador_dc,Sucre (Catia),mun_libertador_dc,SUC
par_sabanagrande_libertador_dc,Sabana Grande,mun_libertador_dc,SAG
par_sanagustin_libertador_dc,San Agustín,mun_libertador_dc,SAGU
par_sanbernardino_libertador_dc,San Bernardino,mun_libertador_dc,SBE
par_sanjose_libertador_dc,San José,mun_libertador_dc,SJO
par_san_juan_acosta_fa,San Juan de los Cayos,mun_acosta_fa,SJC
par_capadare_acosta_fa,Capadare,mun_acosta_fa,CAP
par_la_pastora_acosta_fa,La Pastora,mun_acosta_fa,PAS
par_san_pablo_acosta_fa,San Pablo,mun_acosta_fa,SPB
par_san_luis_bolivar_fa,San Luis,mun_bolivar_fa,SLU
par_aroa_bolivar_fa,Aroa,mun_bolivar_fa,ARO
par_bariro_buchivacoa_fa,Bariró,mun_buchivacoa_fa,BAR
par_borojó_buchivacoa_fa,Borojó,mun_buchivacoa_fa,BOR
par_capatarida_buchivacoa_fa,Capatarida,mun_buchivacoa_fa,CAP
par_guajiro_buchivacoa_fa,Guajiro,mun_buchivacoa_fa,GUA
par_seque_buchivacoa_fa,Seque,mun_buchivacoa_fa,SEQ
par_zazarida_buchivacoa_fa,Zazarida,mun_buchivacoa_fa,ZAZ
par_yaracal_cmanaure_fa,Yaracal,mun_cacique_manaure_fa,YAR
par_punto_fijo_carirubana_fa,Punto Fijo,mun_carirubana_fa,PFI
par_santa_ana_carirubana_fa,Santa Ana,mun_carirubana_fa,SAN
par_adaure_carirubana_fa,Adaure,mun_carirubana_fa,ADA
par_meneses_carirubana_fa,Meneses,mun_carirubana_fa,MEN
par_la_vela_colina_fa,La Vela de Coro,mun_colina_fa,LVE
par_aguada_grande_colina_fa,Aguada Grande,mun_colina_fa,AGG
par_guaibacoa_colina_fa,Guaibacoa,mun_colina_fa,GUA
par_macoruca_colina_fa,Macoruca,mun_colina_fa,MAC
par_dabajuro_dab_fa,Dabajuro,mun_dabajuro_fa,DAB
par_pedregal_dem_fa,Pedregal,mun_democracia_fa,PED
par_agua_linda_dem_fa,Agua Linda,mun_democracia_fa,ALN
par_agua_larga_dem_fa,Agua Larga,mun_democracia_fa,ALG
par_pueblo_nuevo_falcon_fa,Pueblo Nuevo,mun_falcon_fa,PNU
par_adaure_falcon_fa,Adaure,mun_falcon_fa,ADA2
par_adicora_falcon_fa,Adícora,mun_falcon_fa,ADI
par_baraived_falcon_fa,Baraived,mun_falcon_fa,BAR2
par_buenavista_falcon_fa,Buenavista,mun_falcon_fa,BVA
par_jadacaquiva_falcon_fa,Jadacaquiva,mun_falcon_fa,JAD
par_moroquito_falcon_fa,Moroquito,mun_falcon_fa,MOR
par_pueblo_cumarebo_falcon_fa,Pueblo Cumarebo,mun_falcon_fa,PCU
par_churuguara_federacion_fa,Churuguara,mun_federacion_fa,CHU
par_aguada_grande_federacion_fa,Aguada Grande,mun_federacion_fa,AGG2
par_el_paují_federacion_fa,El Paují,mun_federacion_fa,PAU
par_jacura_jac_fa,Jacura,mun_jacura_fa,JAC
par_agua_linda_jac_fa,Agua Linda,mun_jacura_fa,ALN2
par_corralito_jac_fa,Corralito,mun_jacura_fa,COR
par_santa_cruz_lta_fa,Santa Cruz de Los Taques,mun_los_taques_fa,SCR
par_judibana_lta_fa,Judibana,mun_los_taques_fa,JUD
par_mene_de_mauroa_fa,Mene de Mauroa,mun_mauricio_baez_fa,MEN
par_san_felix_mauroa_fa,San Félix,mun_mauricio_baez_fa,SFX
par_casigua_mauroa_fa,Casigua,mun_mauricio_baez_fa,CAS
par_coro_mir_fa,Coro,mun_miranda_fa,CORO
par_guzman_mir_fa,Guzmán Guillermo,mun_miranda_fa,GGU
par_mitare_mir_fa,Mitare,mun_miranda_fa,MIT
par_sabaneta_mir_fa,Sabaneta,mun_miranda_fa,SAB
par_san_gabriel_mir_fa,San Gabriel,mun_miranda_fa,SGA
par_santa_ana_mir_fa,Santa Ana,mun_miranda_fa,SAN2
par_chichiriviche_mit_fa,Chichiriviche,mun_monseñor_iturriaga_fa,CHI
par_boca_tocuyo_mit_fa,Boca de Tocuyo,mun_monseñor_iturriaga_fa,BTO
par_tocuyo_mit_fa,Tocuyo de la Costa,mun_monseñor_iturriaga_fa,TCO
par_palmasola_pal_fa,Palmasola,mun_palmasola_fa,PAL
par_cabure_pet_fa,Cabure,mun_petit_fa,CAB
par_colina_pet_fa,Colina,mun_petit_fa,COL
par_curimagua_pet_fa,Curimagua,mun_petit_fa,CUR
par_piritu_pir_fa,Píritu,mun_piritu_fa,PIR
par_san_jose_pir_fa,San José de la Costa,mun_piritu_fa,SJC
par_mirimire_sfr_fa,Mirimire,mun_san_francisco_fa,MIR
par_tucacas_sil_fa,Tucacas,mun_silva_fa,TUC
par_boca_aroa_sil_fa,Boca de Aroa,mun_silva_fa,BAR
par_santa_cruz_suc_fa,Santa Cruz de Bucaral,mun_sucre_fa,SCB
par_el_charal_suc_fa,El Charal,mun_sucre_fa,CHA
par_las_lapas_suc_fa,Las Lapas,mun_sucre_fa,LAP
par_tocópero_toc_fa,Tocópero,mun_tocopero_fa,TOC
par_santa_elena_uni_fa,Santa Elena,mun_union_fa,SEL
par_san_luis_uni_fa,San Luis,mun_union_fa,SLU
par_urumaco_uru_fa,Urumaco,mun_uruma_fa,URU
par_bramon_uru_fa,Bramón,mun_uruma_fa,BRA
par_pueblo_cumarebo_zam_fa,Pueblo Cumarebo,mun_zamora_fa,PCU
par_la_cienaga_zam_fa,La Ciénaga,mun_zamora_fa,LCI
par_la_soledad_zam_fa,La Soledad,mun_zamora_fa,LSO
par_puerto_cumarebo_zam_fa,Puerto Cumarebo,mun_zamora_fa,PTC
par_camaguán_camaguán_gu,Camaguán,mun_camaguán_gu,CAM
par_puerto_miranda_camaguán_gu,Puerto Miranda,mun_camaguán_gu,PMI
par_ugarte_camaguán_gu,Uverito,mun_camaguán_gu,UVE
par_chaguaramas_chaguaramas_gu,Chaguaramas,mun_chaguaramas_gu,CHA
par_el_socorro_socorro_gu,El Socorro,mun_el_socorro_gu,ESO
par_calabozo_fmi_gu,Calabozo,mun_francisco_de_miranda_gu,CAL
par_el_rastro_fmi_gu,El Rastro,mun_francisco_de_miranda_gu,RAS
par_guardatinajas_fmi_gu,Guardatinajas,mun_francisco_de_miranda_gu,GUA
par_guayabal_guayabal_gu,Guayabal,mun_guayabal_gu,GUY
par_cazorla_guayabal_gu,Cazorla,mun_guayabal_gu,CAZ
par_valle_pascua_infante_gu,Valle de la Pascua,mun_infante_gu,VDP
par_espino_infante_gu,Espino,mun_infante_gu,ESP
par_san_juan_jgr_gu,San Juan de los Morros,mun_juan_german_roscio_gu,SJM
par_parapara_jgr_gu,Parapara,mun_juan_german_roscio_gu,PAR
par_cantagallo_jgr_gu,Cantagallo,mun_juan_german_roscio_gu,CAN
par_el_sombrero_jme_gu,El Sombrero,mun_julian_mellado_gu,ESM
par_sosa_jme_gu,Sosa,mun_julian_mellado_gu,SOS
par_las_mercedes_lme_gu,Las Mercedes,mun_las_mercedes_gu,LME
par_cabruta_lme_gu,Cabruta,mun_las_mercedes_gu,CAB
par_santa_rita_lme_gu,Santa Rita,mun_las_mercedes_gu,SRT
par_altagracia_mellado_gu,Altagracia de Orituco,mun_mellado_gu,ALT
par_san_francisco_mellado_gu,San Francisco Javier,mun_mellado_gu,SFJ
par_altagracia_monagas_gu,Altagracia,mun_moncagas_gu,ALT2
par_san_francisco_monagas_gu,San Francisco,mun_moncagas_gu,SFR
par_san_jose_monagas_gu,San José,mun_moncagas_gu,SJO
par_ortiz_ortiz_gu,Ortiz,mun_ortiz_gu,ORT
par_san_francisco_ortiz_gu,San Francisco de Macaira,mun_ortiz_gu,SFM
par_san_jose_ortiz_gu,San José de Tiznados,mun_ortiz_gu,SJT
par_san_lorenzo_ortiz_gu,San Lorenzo de Tiznados,mun_ortiz_gu,SLT
par_san_geronimo_sgg_gu,San Gerónimo de Guayabal,mun_san_geronimo_gu,SGG
par_guardatinajas_sgg_gu,Guardatinajas (sector),mun_san_geronimo_gu,GUA2
par_san_jose_sjg_gu,San José de Guaribe,mun_san_jose_gu,SJG
par_santa_maria_smi_gu,Santa María de Ipire,mun_santa_maria_gu,SMI
par_altamira_smi_gu,Altamira,mun_santa_maria_gu,ALT3
par_sanare_aeb_la,Sanare,mun_andres_eloy_blanco_la,SAN
par_burere_aeb_la,Burere,mun_andres_eloy_blanco_la,BUR
par_gustavo_villarroel_aeb_la,Gustavo Villarroel,mun_andres_eloy_blanco_la,GVI
par_duaca_crespo_la,Duaca,mun_crespo_la,DUA
par_santa_rosa_crespo_la,Santa Rosa,mun_crespo_la,SRO
par_catedral_iribarren_la,Catedral,mun_iribarren_la,CAT
par_concepcion_iribarren_la,Concepción,mun_iribarren_la,CON
par_el_carmen_iribarren_la,El Carmen,mun_iribarren_la,ECM
par_juarez_iribarren_la,Juárez,mun_iribarren_la,JUA
par_santa_rosa_iribarren_la,Santa Rosa,mun_iribarren_la,SRO2
par_tamaca_iribarren_la,Tamaca,mun_iribarren_la,TAM
par_union_iribarren_la,Unión,mun_iribarren_la,UNI
par_agueda_gonzalez_iribarren_la,Aguedo Felipe Alvarado,mun_iribarren_la,AFA
par_buena_vista_iribarren_la,Buena Vista,mun_iribarren_la,BVI
par_juarico_iribarren_la,Juárico,mun_iribarren_la,JCO
par_quibor_jimenez_la,Quíbor,mun_jimenez_la,QIB
par_tintorero_jimenez_la,Tintorero,mun_jimenez_la,TIN
par_jose_maria_blanco_jimenez_la,José María Blanco,mun_jimenez_la,JMB
par_cuara_jimenez_la,Cuara,mun_jimenez_la,CUA
par_diego_lozada_jimenez_la,Diego de Lozada,mun_jimenez_la,DDL
par_san_miguel_jimenez_la,San Miguel,mun_jimenez_la,SMI
par_san_pablo_jimenez_la,San Pablo,mun_jimenez_la,SPB
par_el_tocuyo_moran_la,El Tocuyo,mun_moran_la,TOC
par_anzoategui_moran_la,Anzoátegui,mun_moran_la,ANZ
par_bolivar_moran_la,Bolívar,mun_moran_la,BOL
par_guarico_moran_la,Guárico,mun_moran_la,GUA
par_humocaro_alto_moran_la,Humocaro Alto,mun_moran_la,HUA
par_humocaro_bajo_moran_la,Humocaro Bajo,mun_moran_la,HUB
par_la_candelaria_moran_la,La Candelaria,mun_moran_la,CAN
par_moran_moran_la,Morán,mun_moran_la,MOR2
par_cabudare_pal_la,Cabudare,mun_palavecino_la,CAB
par_jose_gregorio_pal_la,José Gregorio Bastidas,mun_palavecino_la,JGB
par_las_mercedes_pal_la,Las Mercedes,mun_palavecino_la,LME
par_sarare_spl_la,Sarare,mun_simon_planas_la,SAR
par_burere_spl_la,Burere,mun_simon_planas_la,BUR2
par_gustavo_plana_spl_la,Gustavo Vegas León,mun_simon_planas_la,GVL
par_carora_tor_la,Carora,mun_torres_la,CAR
par_aguada_grande_tor_la,Aguada Grande,mun_torres_la,AGG
par_atarigua_tor_la,Atarigua,mun_torres_la,ATA
par_chiquinquira_tor_la,Chiquinquirá,mun_torres_la,CHQ
par_el_blanco_tor_la,El Blanco,mun_torres_la,EBL
par_montes_de_oca_tor_la,Montes de Oca,mun_torres_la,MOC
par_quevado_tor_la,Quevado,mun_torres_la,QVD
par_reyes_vargas_tor_la,Reyes Vargas,mun_torres_la,RVA
par_san_francisco_tor_la,San Francisco,mun_torres_la,SFR
par_torres_tor_la,Torres,mun_torres_la,TOR2
par_siquisique_urd_la,Siquisique,mun_urdaneta_la,SIQ
par_moroturo_urd_la,Moroturo,mun_urdaneta_la,MOR3
par_san_miguel_urd_la,San Miguel,mun_urdaneta_la,SMI2
par_xaguas_urd_la,Xaguas,mun_urdaneta_la,XAG
par_presidente_betancourt_me,Presidente Betancourt,mun_alberto_adriani_me,PBE
par_presidente_paez_me,Presidente Páez,mun_alberto_adriani_me,PPA
par_presidente_romulo_gallegos_me,Rómulo Gallegos,mun_alberto_adriani_me,RGG
par_gabriel_picon_me,Gabriel Picón González,mun_alberto_adriani_me,GPG
par_hector_amable_me,Héctor Amable Mora,mun_alberto_adriani_me,HAM
par_joaquin_fernandez_me,Joaquín Fernández,mun_alberto_adriani_me,JFE
par_la_azulita_me,La Azulita,mun_andres_bello_me,LAZ
par_santa_cruz_mora_me,Santa Cruz de Mora,mun_antonio_pinto_salinas_me,SCM
par_mesa_bolivar_me,Mesa Bolívar,mun_antonio_pinto_salinas_me,MBV
par_mesa_mora_me,Mesa de las Palmas,mun_antonio_pinto_salinas_me,MDP
par_aricagua_me,Aricagua,mun_aricagua_me,ARI
par_san_antonio_me,San Antonio,mun_aricagua_me,SAN
par_canagua_me,Canaguá,mun_arzobispo_chacon_me,CAN
par_capuri_me,Capurí,mun_arzobispo_chacon_me,CAP
par_chacanta_me,Chacantá,mun_arzobispo_chacon_me,CHA
par_el_molino_me,El Molino,mun_arzobispo_chacon_me,EMO
par_guaimaral_me,Guaimaral,mun_arzobispo_chacon_me,GUA2
par_mucutuy_me,Mucutuy,mun_arzobispo_chacon_me,MCT
par_mucuchachi_me,Mucuchachí,mun_arzobispo_chacon_me,MCH
par_ejido_me,Ejido,mun_campo_elias_me,EJI
par_fernandez_peña_me,Fernández Peña,mun_campo_elias_me,FPE
par_matias_salazar_me,Matías Salazar,mun_campo_elias_me,MSA
par_montalban_me,Montalbán,mun_campo_elias_me,MON
par_torondoy_me,Torondoy,mun_campo_elias_me,TOR
par_tucani_me,Tucaní,mun_caracciolo_parra_olmedo_me,TUC
par_florencio_ramirez_me,Florencio Ramírez,mun_caracciolo_parra_olmedo_me,FLR
par_santo_domingo_me,Santo Domingo,mun_cardenal_quintero_me,SDO
par_las_piedras_me,Las Piedras,mun_cardenal_quintero_me,LPI
par_guaraque_me,Guaraque,mun_guaraque_me,GUA3
par_mesa_quintero_me,Mesa de Quintero,mun_guaraque_me,MDQ
par_rio_negro_me,Río Negro,mun_guaraque_me,RNE
par_arapuey_me,Arapuey,mun_julio_cesar_salas_me,ARP
par_palmira_me,Palmira,mun_julio_cesar_salas_me,PAL
par_torondoy_jbr_me,Torondoy,mun_justo_briceno_me,TOR2
par_san_cristobal_me,San Cristóbal,mun_justo_briceno_me,SCR
par_antonio_spinetti_me,Antonio Spinetti Dini,mun_libertador_me,ASD
par_arias_me,Arias,mun_libertador_me,ARI2
par_caracciolo_parra_me,Caracciolo Parra Pérez,mun_libertador_me,CPP
par_dominguez_me,Domingo Peña,mun_libertador_me,DPE
par_el_llano_me,El Llano,mun_libertador_me,LLA
par_gonzalo_picon_me,Gonzalo Picón Febres,mun_libertador_me,GPF
par_jacinto_plaza_me,Jacinto Plaza,mun_libertador_me,JPL
par_juan_rodriguez_me,Juan Rodríguez Suárez,mun_libertador_me,JRS
par_lasso_me,Lasso de la Vega,mun_libertador_me,LDV
par_mariano_me,Mariano Picón Salas,mun_libertador_me,MPS
par_milla_me,Milla,mun_libertador_me,MIL
par_osuna_me,Osuna Rodríguez,mun_libertador_me,OSU
par_sagrario_me,Sagrario,mun_libertador_me,SAG
par_simon_bolivar_me,Simón Bolívar,mun_libertador_me,SBO
par_sucre_libertador_me,Sucre,mun_libertador_me,SUC2
par_spinetti_me,Spinetti Dini,mun_libertador_me,SPD
par_el_morro_me,El Morro,mun_libertador_me,MOR
par_timotes_me,Timotes,mun_miranda_me,TIM
par_andres_elo_me,Andrés Eloy Blanco,mun_miranda_me,AEB2
par_pueblo_llano_me,Pueblo Llano,mun_miranda_me,PLL2
par_santa_elena_me,Santa Elena de Arenales,mun_obispo_ramos_lora_me,SEA
par_ezequiel_zamora_me,Ezequiel Zamora,mun_obispo_ramos_lora_me,EZA
par_el_cenizo_me,El Cenizo,mun_obispo_ramos_lora_me,CEN
par_santa_maria_caparo_me,Santa María de Caparo,mun_padre_noguera_me,SMC
par_mucuchies_me,Mucuchíes,mun_rangel_me,MUC
par_mucuruba_me,Mucurubá,mun_rangel_me,MUR
par_san_rafael_me,San Rafael,mun_rangel_me,SRA
par_cacute_me,Cacute,mun_rangel_me,CAC
par_la_toma_me,La Toma,mun_rangel_me,LTO
par_bailadores_me,Bailadores,mun_rivas_davila_me,BAI
par_geronimo_me,Gerónimo Maldonado,mun_rivas_davila_me,GMA
par_tabay_me,Tabay,mun_santos_marquina_me,TAB
par_lagunillas_me,Lagunillas,mun_sucre_me,LAG
par_chiguara_me,Chiguará,mun_sucre_me,CHI
par_estanques_me,Estanques,mun_sucre_me,EST
par_san_juan_me,San Juan,mun_sucre_me,SJU
par_tovar_me,Tovar,mun_tovar_me,TOV
par_el_llano_tovar_me,El Llano,mun_tovar_me,LLA2
par_san_francisco_tovar_me,San Francisco,mun_tovar_me,SFR
par_nueva_bolivia_me,Nueva Bolivia,mun_tulio_febres_cordero_me,NBO
par_independencia_me,Independencia,mun_tulio_febres_cordero_me,IND
par_maria_concepcion_me,María Concepción Palacios,mun_tulio_febres_cordero_me,MCP
par_santa_apolonia_me,Santa Apolonia,mun_tulio_febres_cordero_me,SAP
par_zea_me,Zea,mun_ze_me,ZEA
par_caño_tigre_me,Caño Tigre,mun_ze_me,CTI
par_araguita_acevedo_mi,Aragüita,mun_acevedo_mi,ARG
par_arevalo_acevedo_mi,Arévalo González,mun_acevedo_mi,ARE
par_capaya_acevedo_mi,Capaya,mun_acevedo_mi,CAP
par_caucagua_acevedo_mi,Caucagua,mun_acevedo_mi,CAU
par_el_cafe_acevedo_mi,El Café,mun_acevedo_mi,ECA
par_marizapa_acevedo_mi,Marizapa,mun_acevedo_mi,MRZ
par_panaquire_acevedo_mi,Panaquire,mun_acevedo_mi,PAN
par_ribas_acevedo_mi,Ribas,mun_acevedo_mi,RIB
par_cumbo_andres_bello_mi,Cumbo,mun_andres_bello_mi,CUM
par_san_jose_barlovento_mi,San José de Barlovento,mun_andres_bello_mi,SJB
par_el_cafetal_baruta_mi,El Cafetal,mun_baruta_mi,CAF
par_las_minas_baruta_mi,Las Minas,mun_baruta_mi,MIN
par_rosario_baruta_mi,Nuestra Señora del Rosario,mun_baruta_mi,ROS
par_curiepe_brion_mi,Curiepe,mun_brion_mi,CUR
par_higuerote_brion_mi,Higuerote,mun_brion_mi,HIG
par_tacarigua_brion_mi,Tacarigua de Brión,mun_brion_mi,TAC
par_mamporal_buroz_mi,Mamporal,mun_buroz_mi,MAP
par_carrizal_carrizal_mi,Carrizal,mun_carrizal_mi,CAR
par_chacao_chacao_mi,Chacao,mun_chacao_mi,CHA
par_charallave_cr_mi,Charallave,mun_cristobal_rojas_mi,CHA2
par_las_brisas_cr_mi,Las Brisas,mun_cristobal_rojas_mi,LBR
par_el_hatillo_hat_mi,El Hatillo,mun_el_hatillo_mi,HAT
par_los_teques_gua_mi,Los Teques,mun_guaicaipuro_mi,LTQ
par_altagracia_gua_mi,Altagracia de la Montaña,mun_guaicaipuro_mi,ALT
par_carrizal_gua_mi,Carrizal (sector),mun_guaicaipuro_mi,CAR2
par_cecilio_acosta_gua_mi,Cecilio Acosta,mun_guaicaipuro_mi,CCA
par_el_jarillo_gua_mi,El Jarillo,mun_guaicaipuro_mi,JAR
par_paracotos_gua_mi,Paracotos,mun_guaicaipuro_mi,PAR
par_san_pedro_gua_mi,San Pedro,mun_guaicaipuro_mi,SPD
par_santa_teresa_ind_mi,Santa Teresa del Tuy,mun_independencia_mi,STT
par_el_cartanal_ind_mi,El Cartanal,mun_independencia_mi,ECA2
par_ocumare_lander_mi,Ocumare del Tuy,mun_lander_mi,OCU
par_la_democracia_lander_mi,La Democracia,mun_lander_mi,LDE
par_santa_barbara_lander_mi,Santa Bárbara,mun_lander_mi,SBA
par_san_antonio_lsa_mi,San Antonio de los Altos,mun_los_salías_mi,SAA
par_rio_chico_paez_mi,Río Chico,mun_paez_mi,RCH
par_el_guapo_paez_mi,El Guapo,mun_paez_mi,EGU
par_tacarigua_paez_mi,Tacarigua de la Laguna,mun_paez_mi,TAC2
par_paparo_paez_mi,Paparo,mun_paez_mi,PAP
par_san_fernando_paez_mi,San Fernando del Guapo,mun_paez_mi,SFG
par_santa_lucia_pcastillo_mi,Santa Lucía,mun_paz_castillo_mi,SLC
par_cupira_pg_mi,Cúpira,mun_pedro_gual_mi,CUP
par_machurucuto_pg_mi,Machurucuto,mun_pedro_gual_mi,MAC
par_guarenas_plaza_mi,Guarenas,mun_plaza_mi,GUA2
par_san_francisco_yare_sbo_mi,San Francisco de Yare,mun_simon_bolivar_mi,SFY
par_san_antonio_yare_sbo_mi,San Antonio de Yare,mun_simon_bolivar_mi,SAY
par_petare_sucre_mi,Petare,mun_sucre_mi,PET
par_caucaguita_sucre_mi,Caucagüita,mun_sucre_mi,CAU2
par_filasi_sucre_mi,Filas de Mariche,mun_sucre_mi,FMA
par_la_dolores_sucre_mi,La Dolorita,mun_sucre_mi,LDO
par_cua_urdaneta_mi,Cúa,mun_urdaneta_mi,CUA
par_nueva_cua_urdaneta_mi,Nueva Cúa,mun_urdaneta_mi,NCU
par_guatire_zamora_mi,Guatire,mun_zamora_mi,GUA3
par_bolivar_zamora_mi,Bolívar,mun_zamora_mi,BOL
par_san_antonio_acosta_mo,San Antonio,mun_acosta_mo,SAN
par_san_francisco_acosta_mo,San Francisco,mun_acosta_mo,SFR
par_aguasay_aguasay_mo,Aguasay,mun_aguasay_mo,AGU
par_caripito_bolivar_mo,Caripito,mun_bolivar_mo,CAR
par_caripe_caripe_mo,Caripe,mun_caripe_mo,CAR2
par_teresen_caripe_mo,Teresen,mun_caripe_mo,TER
par_el_guacharo_caripe_mo,El Guácharo,mun_caripe_mo,EGU
par_sabana_caripe_mo,Sabana de Piedra,mun_caripe_mo,SPD
par_la_guna_caripe_mo,La Guanota,mun_caripe_mo,LGU
par_san_agustin_caripe_mo,San Agustín,mun_caripe_mo,SAG
par_caicara_cedeno_mo,Caicara,mun_cedeno_mo,CAI
par_areo_cedeno_mo,Areo,mun_cedeno_mo,ARE
par_san_felix_cedeno_mo,San Félix,mun_cedeno_mo,SFX
par_viento_fresco_cedeno_mo,Viento Fresco,mun_cedeno_mo,VFR
par_punta_mata_ez_mo,Punta de Mata,mun_ezequiel_zamora_mo,PDM
par_el_tejero_ez_mo,El Tejero,mun_ezequiel_zamora_mo,ETJ
par_temblador_libertador_mo,Temblador,mun_libertador_mo,TEM
par_chaguaramal_libertador_mo,Chaguaramal,mun_libertador_mo,CHA
par_las_alhuacas_libertador_mo,Las Alhuacas,mun_libertador_mo,ALH
par_tabasca_libertador_mo,Tabasca,mun_libertador_mo,TAB
par_san_simón_maturin_mo,San Simón,mun_maturin_mo,SSM
par_santa_cruz_maturin_mo,Santa Cruz,mun_maturin_mo,SCR
par_boqueron_maturin_mo,Boquerón,mun_maturin_mo,BOQ
par_las_cocuizas_maturin_mo,Las Cocuizas,mun_maturin_mo,LCO
par_san_vicente_maturin_mo,San Vicente,mun_maturin_mo,SVC
par_el_corozal_maturin_mo,El Corozo,mun_maturin_mo,ECO
par_el_furrial_maturin_mo,El Furrial,mun_maturin_mo,FUR
par_jusepin_maturin_mo,Jusepín,mun_maturin_mo,JUS
par_la_pica_maturin_mo,La Pica,mun_maturin_mo,LPI
par_san_jaquin_maturin_mo,San Joaquín,mun_maturin_mo,SJQ
par_aragua_piar_mo,Aragua,mun_piar_mo,ARA
par_chaguaramas_piar_mo,Chaguaramas,mun_piar_mo,CHG
par_quiriquire_punceres_mo,Quiriquire,mun_punceres_mo,QUI
par_cachipo_punceres_mo,Cachipo,mun_punceres_mo,CAC
par_santa_barbara_sb_mo,Santa Bárbara,mun_santa_barbara_mo,SBA
par_barrancas_sotillo_mo,Barrancas,mun_sotillo_mo,BAR
par_los_barrancos_sotillo_mo,Los Barrancos de Fajardo,mun_sotillo_mo,LBF
par_uracoa_uracoa_mo,Uracoa,mun_uracoa_mo,URA
par_paraguachi_antolin_ne,Paraguachí,mun_antolin_campo_ne,PGI
par_asuncion_arismendi_ne,La Asunción,mun_arismendi_ne,ASU
par_san_juan_diaz_ne,San Juan Bautista,mun_diaz_ne,SJB
par_zabala_diaz_ne,Zabala,mun_diaz_ne,ZAB
par_valle_espiritu_garcia_ne,El Valle del Espíritu Santo,mun_garcia_ne,VAL
par_francisco_fajardo_garcia_ne,Francisco Fajardo,mun_garcia_ne,FFJ
par_santa_ana_gomez_ne,Santa Ana,mun_gomez_ne,SAN
par_bolivar_gomez_ne,Bolívar,mun_gomez_ne,BOL
par_guevara_gomez_ne,Guevara,mun_gomez_ne,GUE
par_matias_salazar_gomez_ne,Matasiete,mun_gomez_ne,MAT
par_pampatar_maneiro_ne,Pampatar,mun_maneiro_ne,PAM
par_aguirre_maneiro_ne,Aguirre,mun_maneiro_ne,AGU
par_juan_griego_marcano_ne,Juan Griego,mun_marcano_ne,JGR
par_adrian_marcano_ne,Adrián,mun_marcano_ne,ADR
par_porlamar_marino_ne,Porlamar,mun_marino_ne,POR
par_boca_rio_macanao_ne,Boca de Río,mun_macanao_ne,BDR
par_san_francisco_macanao_ne,San Francisco,mun_macanao_ne,SFR
par_punta_piedras_tubores_ne,Punta de Piedras,mun_tubores_ne,PDP
par_zabala_tubores_ne,Los Barales,mun_tubores_ne,LBAR
par_san_pedro_villalba_ne,San Pedro de Coche,mun_villalba_ne,SPC
par_vicente_fuentes_villalba_ne,Vicente Fuentes,mun_villalba_ne,VFU
par_agua_blanca_po,Agua Blanca,mun_agua_blanca_po,AGB
par_araure_po,Araure,mun_araure_po,ARA
par_rio_aroa_po,Río Acarigua,mun_araure_po,RAC
par_piritu_esteller_po,Píritu,mun_esteller_po,PIR
par_urbana_esteller_po,Urbana,mun_esteller_po,URB
par_guanare_po,Guanare,mun_guanare_po,GUA
par_cordoba_po,Córdoba,mun_guanare_po,COR
par_san_jose_po,San José de la Montaña,mun_guanare_po,SJM
par_virgen_coro_po,Virgen de la Coromoto,mun_guanare_po,VCO
par_guanarito_po,Guanarito,mun_guanarito_po,GTO
par_trinidad_po,Trinidad de la Capilla,mun_guanarito_po,TRI
par_divina_pastora_po,Divina Pastora,mun_guanarito_po,DPA
par_chabasquen_po,Paraíso de Chabasquén,mun_jose_vicente_unda_po,CHB
par_masparrito_po,Masparrito,mun_jose_vicente_unda_po,MAS
par_ospino_po,Ospino,mun_ospino_po,OSP
par_aparicion_po,Aparición,mun_ospino_po,APA
par_la_estacion_po,La Estación,mun_ospino_po,LES
par_acarigua_po,Acarigua,mun_paez_po,ACA
par_payara_po,Payara,mun_paez_po,PAY
par_pimpinela_po,Pimpinela,mun_paez_po,PIM
par_papelon_po,Papelón,mun_papelon_po,PAP
par_caño_delgadito_po,Caño Delgadito,mun_papelon_po,CDG
par_boconoito_po,Boconoíto,mun_san_genaro_po,BOC
par_antolin_tovar_po,Antolín Tovar,mun_san_genaro_po,ATV
par_san_rafael_onoto_po,San Rafael de Onoto,mun_san_rafael_onoto_po,SRO
par_vega_azul_po,Vega de Azul,mun_san_rafael_onoto_po,VAZ
par_santa_fe_po,Santa Fe,mun_san_rafael_onoto_po,SFE
par_el_playon_po,El Playón,mun_santa_rosalia_po,EPL
par_florida_po,Florida,mun_santa_rosalia_po,FLO
par_biscucuy_po,Biscucuy,mun_sucre_po,BIS
par_concepcion_po,Concepción,mun_sucre_po,CON
par_san_rafael_palo_alto_po,San Rafael de Palo Alzado,mun_sucre_po,SPA
par_urbana_sucre_po,Urbana,mun_sucre_po,URB2
par_villa_bruzual_po,Villa Bruzual,mun_turen_po,VBR
par_canelones_po,Canelones,mun_turen_po,CAN
par_santa_cruz_po,Santa Cruz,mun_turen_po,SCR
par_san_isidro_po,San Isidro Labrador,mun_turen_po,SIL
par_casanay_su,Casanay,mun_andres_eloy_blanco_su,CAS
par_mariusa_su,Mariusa,mun_andres_eloy_blanco_su,MAR
par_san_jose_areocuar_su,San José de Areocuar,mun_andres_mata_su,SJA
par_tavera_acosta_su,Tavera Acosta,mun_andres_mata_su,TAC
par_rio_caribe_su,Río Caribe,mun_arismendi_su,RCA
par_san_jose_su,San José de Aerocuar,mun_arismendi_su,SJO
par_puerto_santo_su,Puerto Santo,mun_arismendi_su,PSA
par_el_morro_su,El Morro de Puerto Santo,mun_arismendi_su,EMO
par_guayacan_su,Guayacán,mun_arismendi_su,GUA
par_el_pilar_su,El Pilar,mun_benitez_su,EPI
par_el_rincon_su,El Rincón,mun_benitez_su,ERI
par_guaraunos_su,Guaraúnos,mun_benitez_su,GUN
par_tunapuicito_su,Tunapuicito,mun_benitez_su,TUP
par_guanoco_su,Guanoco,mun_benitez_su,GNO
par_santa_catalina_su,Santa Catalina,mun_bermudez_su,SCA
par_santa_rosa_su,Santa Rosa,mun_bermudez_su,SRO
par_santa_teresa_su,Santa Teresa,mun_bermudez_su,STE
par_bolivar_su,Bolívar,mun_bermudez_su,BOL2
par_macarapana_su,Macarapana,mun_bermudez_su,MAC
par_mariguitar_su,Marigüitar,mun_bolivar_su,MGU
par_yaguaraparo_su,Yaguaraparo,mun_cajigal_su,YAG
par_el_paujil_su,El Paujil,mun_cajigal_su,PAU
par_libertad_su,Libertad,mun_cajigal_su,LIB2
par_araya_su,Araya,mun_cruz_salmeron_su,ARA
par_chacopata_su,Chacopata,mun_cruz_salmeron_su,CHA
par_manicuare_su,Manicuare,mun_cruz_salmeron_su,MAN
par_tunapuy_su,Tunapuy,mun_libertador_su,TUN
par_campo_elias_su,Campo Elías,mun_libertador_su,CEL
par_irapa_su,Irapa,mun_marino_su,IRA
par_campo_claro_su,Campo Claro,mun_marino_su,CCL
par_san_antonio_su,San Antonio de Irapa,mun_marino_su,SAI
par_soro_su,Soro,mun_marino_su,SOR
par_san_antonio_golfo_su,San Antonio del Golfo,mun_mejia_su,SAG
par_cumanacoa_su,Cumanacoa,mun_montes_su,CUM
par_aricagua_su,Aricagua,mun_montes_su,ARI2
par_cocollar_su,Cocollar,mun_montes_su,COC
par_san_fernando_su,San Fernando,mun_montes_su,SFR
par_san_lorenzo_su,San Lorenzo,mun_montes_su,SLR
par_cariaco_su,Cariaco,mun_ribero_su,CAR
par_catuaro_su,Catuaro,mun_ribero_su,CTU
par_rendon_su,Rendón,mun_ribero_su,REN
par_santa_cruz_su,Santa Cruz,mun_ribero_su,SCR
par_santa_maria_su,Santa María,mun_ribero_su,SMA
par_ayacucho_su,Ayacucho,mun_sucre_su,AYA
par_santa_ines_su,Santa Inés,mun_sucre_su,SIN
par_valentin_valiente_su,Valentín Valiente,mun_sucre_su,VVA
par_san_jose_sucre_su,San José,mun_sucre_su,SJO2
par_gran_mariscal_su,Gran Mariscal,mun_sucre_su,GMA
par_altagracia_su,Altagracia,mun_sucre_su,ALT
par_guiria_su,Güiria,mun_valdez_su,GUI
par_cristobal_colon_su,Cristóbal Colón,mun_valdez_su,CCO
par_bideau_su,Bideau,mun_valdez_su,BID
par_punta_araya_su,Punta Araya,mun_valdez_su,PAR
par_cordero_ta,Cordero,mun_andres_bello_ta,COR
par_las_mesas_ta,Las Mesas,mun_antonio_romulo_costa_ta,LME
par_colon_ta,Colón,mun_ayacucho_ta,COL
par_rivas_boveda_ta,Rivas Boveda,mun_ayacucho_ta,RBO
par_san_felipe_ta,San Félix,mun_ayacucho_ta,SFX
par_san_antonio_ta,San Antonio,mun_bolivar_ta,SAN
par_palotal_ta,Palotal,mun_bolivar_ta,PAL
par_isaías_medina_ta,Isaías Medina,mun_bolivar_ta,IMD
par_tariba_ta,Táriba,mun_cardenas_ta,TAR
par_amenodoro_ta,Amenodoro Rangel Lamus,mun_cardenas_ta,ARL
par_la_florida_ta,La Florida,mun_cardenas_ta,LFL
par_santa_ana_ta,Santa Ana,mun_cordoba_ta,SAN2
par_henri_pittier_ta,Henri Pittier,mun_cordoba_ta,HPI
par_san_rafael_pinal_ta,San Rafael del Piñal,mun_fernandez_feo_ta,SRP
par_santo_domingo_ta,Santo Domingo,mun_fernandez_feo_ta,SDO
par_alto_viento_ta,Alto Viento,mun_fernandez_feo_ta,AVT
par_san_jose_bolivar_ta,San José de Bolívar,mun_francisco_de_miranda_ta,SJB
par_la_fria_ta,La Fría,mun_garcia_hevia_ta,LFR
par_boca_grita_ta,Boca de Grita,mun_garcia_hevia_ta,BDG
par_bermejo_ta,Bermejo,mun_garcia_hevia_ta,BER
par_palmira_ta,Palmira,mun_guasimos_ta,PAL2
par_capacho_nuevo_ta,Capacho Nuevo,mun_independencia_ta,CAN
par_romulo_gallegos_ta,Rómulo Gallegos,mun_independencia_ta,RGA
par_la_grita_ta,La Grita,mun_jauregui_ta,LGR
par_emilio_constant_ta,Emilio Constant,mun_jauregui_ta,EMC
par_bocono_ta,Bocono,mun_jauregui_ta,BOC
par_el_cobre_ta,El Cobre,mun_jose_maria_vargas_ta,ECO
par_rubio_ta,Rubio,mun_junin_ta,RUB
par_quinimari_ta,Quinimarí,mun_junin_ta,QNM
par_bramon_ta,Bramón,mun_junin_ta,BRA
par_capacho_viejo_ta,Capacho Viejo,mun_libertad_ta,CAV
par_cipriano_castro_ta,Cipriano Castro,mun_libertad_ta,CIC
par_manuel_felipe_ta,Manuel Felipe Rugeles,mun_libertad_ta,MFR
par_abejales_ta,Abejales,mun_libertador_ta,ABE
par_san_jose_ta,San José de Bolívar,mun_libertador_ta,SJB2
par_lobatera_ta,Lobatera,mun_lobatera_ta,LOB
par_constancia_ta,Constitución,mun_lobatera_ta,CON
par_michelena_ta,Michelena,mun_michelena_ta,MIC
par_coloncito_ta,Coloncito,mun_panamericano_ta,COL2
par_la_palma_ta,La Palmita,mun_panamericano_ta,LPA
par_urena_ta,Ureña,mun_pedro_maria_urena_ta,URE
par_nueva_arcadia_ta,Nueva Arcadia,mun_pedro_maria_urena_ta,NAR
par_delicias_ta,Delicias,mun_rafael_urdaneta_ta,DEL
par_san_jose_ta,San José,mun_rafael_urdaneta_ta,SJO
par_la_tendida_ta,La Tendida,mun_samuel_dario_maldonado_ta,LTE
par_bocono_maldonado_ta,Bocono,mun_samuel_dario_maldonado_ta,BOC2
par_hernandez_ta,Hernández,mun_samuel_dario_maldonado_ta,HER
par_san_cristobal_ta,San Cristóbal,mun_san_cristobal_ta,SCR
par_la_concordia_ta,La Concordia,mun_san_cristobal_ta,LCN
par_pueblo_nuevo_ta,Pueblo Nuevo,mun_san_cristobal_ta,PNU
par_sn_sebastian_ta,San Sebastián,mun_san_cristobal_ta,SSE
par_sn_jose_ta,San José Obrero,mun_san_cristobal_ta,SJO3
par_uca_ta,Umuquena,mun_san_judas_tadeo_ta,UMU
par_quiniquea_ta,Queniquea,mun_sucre_ta,QEQ
par_san_pablo_ta,San Pablo,mun_sucre_ta,SPB
par_san_jose_torbes_ta,San Josecito,mun_torbes_ta,SJC
par_pregonero_ta,Pregonero,mun_uribante_ta,PRE
par_la_florida_uribante_ta,La Florida,mun_uribante_ta,LFL2
par_quintero_ta,Quintero,mun_uribante_ta,QUI
par_urena_ure_ta,Ureña,mun_ureña_ta,URE2
par_santa_isabel_tr,Santa Isabel,mun_andres_bello_tr,SIS
par_bocono_tr,Boconó,mun_bocono_tr,BOC
par_el_carmen_tr,El Carmen,mun_bocono_tr,ECM
par_mosquey_tr,Mosquey,mun_bocono_tr,MSQ
par_ayacucho_tr,Ayacucho,mun_bocono_tr,AYA
par_burbusay_tr,Burbusay,mun_bocono_tr,BRB
par_general_rivas_tr,General Rivas,mun_bocono_tr,GRI
par_guaramacal_tr,Guaramacal,mun_bocono_tr,GUA
par_vega_azul_tr,Vega de Guaramacal,mun_bocono_tr,VGA
par_monseñor_und_tr,Monseñor Unda,mun_bocono_tr,MUN
par_san_miguel_tr,San Miguel,mun_bocono_tr,SMI
par_san_jose_tr,San José,mun_bocono_tr,SJO
par_sabana_grande_tr,Sabana Grande,mun_bolivar_tr,SGR
par_cheregue_tr,Cheregue,mun_bolivar_tr,CHG
par_granados_tr,Granados,mun_bolivar_tr,GRA
par_chejende_tr,Chejendé,mun_candelaria_tr,CHJ
par_arnoldo_gabaldon_tr,Arnoldo Gabaldón,mun_candelaria_tr,AGB
par_bolivia_tr,Bolivia,mun_candelaria_tr,BOL2
par_carrillo_tr,Carrillo,mun_candelaria_tr,CAR2
par_cieguita_tr,La Cieguita,mun_candelaria_tr,LCI
par_carache_tr,Carache,mun_carache_tr,CAR
par_la_concepcion_tr,La Concepción,mun_carache_tr,LCN
par_panamericana_tr,Panamericana,mun_carache_tr,PAN
par_santa_cruz_tr,Santa Cruz,mun_carache_tr,SCR
par_cuicas_tr,Cuicas,mun_carache_tr,CUI
par_carvajal_tr,Carvajal,mun_carvajal_tr,CVJ
par_campo_alegre_tr,Campo Alegre,mun_carvajal_tr,CAL
par_antonio_nicolas_br_tr,Antonio Nicolás Briceño,mun_carvajal_tr,ANB
par_platanal_tr,Platanal,mun_carvajal_tr,PLT
par_escuque_tr,Escuque,mun_escuq_tr,ESC
par_sabana_libertad_tr,Sabana Libre,mun_escuq_tr,SLI
par_la_union_tr,La Unión,mun_escuq_tr,LUN
par_santa_rita_tr,Santa Rita,mun_escuq_tr,SRT
par_el_paradero_tr,El Paradero,mun_jf_marquez_canizales_tr,EPR
par_jose_felipe_tr,José Felipe Márquez,mun_jf_marquez_canizales_tr,JFM
par_campo_elias_tr,Campo Elías,mun_jv_campo_elias_tr,CEL
par_arnoldo_gabaldon2_tr,Arnoldo Gabaldón,mun_jv_campo_elias_tr,AGB2
par_santa_apolonia_tr,Santa Apolonia,mun_la_ceiba_tr,SAP
par_el_progreso_tr,El Progreso,mun_la_ceiba_tr,EPR2
par_la_ceiba_tr,La Ceiba,mun_la_ceiba_tr,LCE
par_tres_esquinas_tr,Tres Esquinas,mun_la_ceiba_tr,TRE
par_el_dividive_tr,El Dividive,mun_miranda_tr,DIV
par_agua_caliente_tr,Agua Caliente,mun_miranda_tr,AGC
par_el_cenizo_tr,El Cenizo,mun_miranda_tr,CNZ
par_valerita_tr,Valerita,mun_miranda_tr,VAL2
par_monte_carmelo_tr,Monte Carmelo,mun_monte_carmelo_tr,MCB
par_buena_esperanza_tr,Buena Esperanza,mun_monte_carmelo_tr,BES
par_santa_maria_tr,Santa María del Horcón,mun_monte_carmelo_tr,SMH
par_motatan_tr,Motatán,mun_motatan_tr,MOT
par_el_baño_tr,El Baño,mun_motatan_tr,EBA
par_jorge_hernandez_tr,Jorge Hernández,mun_motatan_tr,JHE
par_pampan_tr,Pampán,mun_pampan_tr,PAM
par_flor_de_patria_tr,Flor de Patria,mun_pampan_tr,FDP
par_la_paz_tr,La Paz,mun_pampan_tr,LPZ
par_santa_ana_tr,Santa Ana,mun_pampan_tr,SAN
par_pampanito_tr,Pampanito,mun_pampanito_tr,PPT
par_la_concepcion2_tr,La Concepción,mun_pampanito_tr,LCN2
par_pampanito2_tr,Pampanito II,mun_pampanito_tr,PPT2
par_betijoque_tr,Betijoque,mun_rafael_rangel_tr,BTJ
par_joaquin_villasmil_tr,Joaquín Villasmil,mun_rafael_rangel_tr,JVL
par_la_puerta_tr,La Puerta,mun_rafael_rangel_tr,LPT
par_los_cedros_tr,Los Cedros,mun_rafael_rangel_tr,LCE2
par_carvajal2_tr,Carvajal,mun_san_r_crvajal_tr,CVJ2
par_mendoza_frio_tr,Mendoza Fría,mun_san_r_crvajal_tr,MFR
par_angostura_tr,Angostura,mun_san_r_crvajal_tr,ANG
par_valmore_rodriguez_tr,Valmore Rodríguez,mun_san_r_crvajal_tr,VRG
par_sabana_mendoza_tr,Sabana de Mendoza,mun_sucre_tr,SDM
par_el_paradero2_tr,El Paradero,mun_sucre_tr,EPR3
par_junín_tr,Junín,mun_sucre_tr,JUN
par_valmore_rodriguez2_tr,Valmore Rodríguez,mun_sucre_tr,VRG2
par_trujillo_tr,Trujillo,mun_trujillo_tr,TRU
par_andres_linares_tr,Andrés Linares,mun_trujillo_tr,ALN
par_chiquinquira_tr,Chiquinquirá,mun_trujillo_tr,CHQ
par_cristobal_mendoza_tr,Cristóbal Mendoza,mun_trujillo_tr,CMZ
par_cruz_carrillo_tr,Cruz Carrillo,mun_trujillo_tr,CCR
par_matriz_tr,Matriz,mun_trujillo_tr,MTZ
par_monzon_tr,Monzón,mun_trujillo_tr,MON
par_la_quebrada_tr,La Quebrada,mun_urdaneta_tr,LQB
par_jalisco_tr,Jalisco,mun_urdaneta_tr,JAL
par_tuñame_tr,Tuñame,mun_urdaneta_tr,TUN
par_carrizal_tr,Carrizal,mun_urdaneta_tr,CAR3
par_valera_tr,Valera,mun_valera_tr,VAL
par_juan_ignacio_tr,Juan Ignacio Montilla,mun_valera_tr,JIM
par_la_beatriz_tr,La Beatriz,mun_valera_tr,LBE
par_la_puerta2_tr,La Puerta,mun_valera_tr,LPT2
par_sabana_grande_tr,Sabana Grande,mun_valera_tr,SGR2
par_el_carmen2_tr,El Carmen,mun_valera_tr,ECM2
par_la_guaira_lg,La Guaira,mun_vargas_lg,LAG
par_catia_lamar_lg,Catia La Mar,mun_vargas_lg,CLM
par_carlos_soublette_lg,Carlos Soublette,mun_vargas_lg,CSO
par_urimare_lg,Urimare,mun_vargas_lg,URI
par_macuto_lg,Macuto,mun_vargas_lg,MAC
par_caraballeda_lg,Caraballeda,mun_vargas_lg,CBD
par_naiguata_lg,Naiguatá,mun_vargas_lg,NAI
par_carmao_lg,Carmao,mun_vargas_lg,CRM
par_maiteno_lg,Maiquetía,mun_vargas_lg,MAI
par_el_junko_lg,El Junko,mun_vargas_lg,EJU
par_caruao_lg,Caruao,mun_vargas_lg,CRU
par_san_pablo_ya,San Pablo,mun_aristides_bastidas_ya,SPB
par_aroa_ya,Aroa,mun_bolivar_ya,ARO
par_chivacoa_ya,Chivacoa,mun_bruzual_ya,CHI
par_campo_elias_ya,Campo Elías,mun_bruzual_ya,CEL
par_cocorote_ya,Cocorote,mun_cocorote_ya,COC
par_independencia_ya,Independencia,mun_independencia_ya,IND
par_sabana_parra_ya,Sabana de Parra,mun_jose_antonio_paez_ya,SDP
par_boraure_ya,Boraure,mun_la_trinidad_ya,BOR
par_yumare_ya,Yumare,mun_manuela_monge_ya,YUM
par_nirgua_ya,Nirgua,mun_nirgua_ya,NIR
par_sabana_parra2_ya,Sabana de Parra (sector),mun_paez_ya,SDP2
par_yaritagua_ya,Yaritagua,mun_pena_ya,YAR
par_san_andres_ya,San Andrés,mun_pena_ya,SAN
par_san_felipe_ya,San Felipe,mun_san_felipe_ya,SFE
par_albarico_ya,Albarico,mun_san_felipe_ya,ALB
par_agua_negra_ya,Agua Negra,mun_san_felipe_ya,AGN
par_guama_ya,Guama,mun_sucre_ya,GUA
par_urachiche_ya,Urachiche,mun_urachiche_ya,URA
par_farriar_ya,Farriar,mun_veroes_ya,FAR
par_el_guayabo_ya,El Guayabo,mun_veroes_ya,EGU
par_el_toro_zu,El Toro,mun_almirante_padilla_zu,ETO
par_isla_toas_zu,Isla de Toas,mun_almirante_padilla_zu,ITO
par_san_timon_zu,San Timoteo,mun_baralt_zu,STI
par_general_ureña_zu,General Urdaneta,mun_baralt_zu,GUR
par_libertador_baralt_zu,Libertador,mun_baralt_zu,LIB
par_marcelino_br_zu,Marcelino Briceño,mun_baralt_zu,MBR
par_pueblo_nuevo_br_zu,Pueblo Nuevo,mun_baralt_zu,PNU
par_jorge_hernandez_zu,Jorge Hernández,mun_cabimas_zu,JHE
par_ambrosio_zu,Ambrosio,mun_cabimas_zu,AMB
par_carmen_her_zu,Carmen Herrera,mun_cabimas_zu,CHR
par_german_rio_zu,Germán Ríos Linares,mun_cabimas_zu,GRL
par_la_rosita_zu,La Rosa,mun_cabimas_zu,LRO
par_romulo_betancourt_zu,Rómulo Betancourt,mun_cabimas_zu,RBT
par_san_benito_zu,San Benito,mun_cabimas_zu,SBE
par_aristides_calvani_zu,Arístides Calvani,mun_cabimas_zu,ACV
par_encontrados_zu,Encontrados,mun_catatumbo_zu,ENC
par_udon_perez_zu,Udón Pérez,mun_catatumbo_zu,UDP
par_san_carlos_zu,San Carlos del Zulia,mun_colon_zu,SCA
par_santa_barbara_zu,Santa Bárbara,mun_colon_zu,SBA
par_pueblo_nuevo_fjp_zu,Pueblo Nuevo,mun_fj_pulgar_zu,PNU2
par_santa_barbara_fjp_zu,Santa Bárbara,mun_fj_pulgar_zu,SBA2
par_sinamaica_zu,Sinamaica,mun_guajira_zu,SIN
par_el_mojan_zu,El Moján,mun_guajira_zu,EMO
par_guajira_zu,Guajira,mun_guajira_zu,GUA2
par_la_concepcion_zu,La Concepción,mun_jel_zu,LCO
par_jose_ramon_yepez_zu,José Ramón Yépez,mun_jel_zu,JRY
par_mariano_parra_zu,Mariano Parra León,mun_jel_zu,MPL
par_casigua_cubo_zu,Casigua El Cubo,mun_jms_zu,CEC
par_frontera_zu,Frontera,mun_jms_zu,FRO
par_concepcion_lcu_zu,Concepción,mun_lc_urdeneta_zu,CON
par_andres_bello_lcu_zu,Andrés Bello,mun_lc_urdeneta_zu,ABE
par_chiquinquira_lcu_zu,Chiquinquirá,mun_lc_urdeneta_zu,CHQ
par_alonso_lagu_zu,Alonso de Ojeda,mun_lagunillas_zu,AOJ
par_libertad_lagu_zu,Libertad,mun_lagunillas_zu,LIB2
par_el_danto_zu,El Danto,mun_lagunillas_zu,EDT
par_victor_batista_zu,Campo Lara,mun_lagunillas_zu,CLA
par_machiques_zu,Machiques,mun_machiques_zu,MAC
par_bartolome_zu,Bartolomé de las Casas,mun_machiques_zu,BLC
par_libertad_mp_zu,Libertad,mun_machiques_zu,LIB3
par_rio_negro_mp_zu,Río Negro,mun_machiques_zu,RNE
par_san_rafael_mara_zu,San Rafael del Moján,mun_mara_zu,SRM
par_las_parcelas_zu,Las Parcelas,mun_mara_zu,LPA
par_tamare_zu,Tamaré,mun_mara_zu,TAM
par_los_norte_zu,La Sierrita,mun_mara_zu,LSI
par_cristo_aranza_zu,Cristo de Aranza,mun_maracaibo_zu,CAR
par_coquivacoa_zu,Coquivacoa,mun_maracaibo_zu,COQ
par_chiquinquira_mcb_zu,Chiquinquirá,mun_maracaibo_zu,CHQ2
par_cacique_mara_zu,Cacique Mara,mun_maracaibo_zu,CMA
par_carracciolo_zu,Caracciolo Parra Pérez,mun_maracaibo_zu,CPP
par_cecilio_acosta_zu,Cecilio Acosta,mun_maracaibo_zu,CCA
par_juana_sotomayor_zu,Juana de Ávila,mun_maracaibo_zu,JAV
par_luis_hurtado_zu,Luis Hurtado Higuera,mun_maracaibo_zu,LHH
par_manuel_dagnino_zu,Manuel Dagnino,mun_maracaibo_zu,MDG
par_antonio_borjas_zu,Antonio Borjas Romero,mun_maracaibo_zu,ABR
par_raul_leoni_zu,Raúl Leoni,mun_maracaibo_zu,RLE
par_santa_lucia_zu,Santa Lucía,mun_maracaibo_zu,SLC
par_venancio_zu,Venancio Pulgar,mun_maracaibo_zu,VPU
par_idelfonso_zu,Idelfonso Vásquez,mun_maracaibo_zu,IVZ
par_bolivar_mcb_zu,Bolívar,mun_maracaibo_zu,BOL3
par_san_isidro_zu,San Isidro,mun_maracaibo_zu,SIS
par_juana_s_zu,Juana de Ávila,mun_maracaibo_zu,JAV2
par_ochenta_zu,Olegario Villalobos,mun_maracaibo_zu,OVI
par_altagracia_mir_zu,Altagracia,mun_miranda_zu,ALT
par_faria_zu,Faría,mun_miranda_zu,FAR
par_san_jose_mir_zu,San José,mun_miranda_zu,SJO
par_san_antonio_mir_zu,San Antonio,mun_miranda_zu,SAN2
par_las_delicias_zu,Las Delicias,mun_rosario_zu,LDE
par_rosario_zu,La Villa del Rosario,mun_rosario_zu,LVR
par_don_bosco_zu,Don Bosco,mun_rosario_zu,DBO
par_san_francisco_zu,San Francisco,mun_san_francisco_zu,SFR
par_el_callao_zu,El Bajo,mun_san_francisco_zu,EBJ
par_domitila_zu,Domitila Flores,mun_san_francisco_zu,DFL
par_francisco_oter_zu,Francisco Otero,mun_san_francisco_zu,FOT
par_marcial_zu,Marcial Hernández,mun_san_francisco_zu,MHE
par_santa_rita_zu,Santa Rita,mun_santa_rita_zu,SRT
par_el_menes_zu,El Mene,mun_santa_rita_zu,EME
par_palma_sola_zu,Pedro Lucas Urribarrí,mun_santa_rita_zu,PLU
par_tia_juana_zu,Tía Juana,mun_simon_bolivar_zu,TJU
par_mene_grande_zu,Mene Grande,mun_simon_bolivar_zu,MGR
par_bobures_zu,Bobures,mun_sucre_zu,BOB
par_el_batey_zu,El Batey,mun_sucre_zu,EBT
par_gibraltar_zu,Gibraltar,mun_sucre_zu,GIB
par_heras_zu,Heras,mun_sucre_zu,HER
par_montero_zu,Montero,mun_sucre_zu,MON
par_bachaquero_zu,Bachaquero,mun_valmore_rodriguez_zu,BCH
par_andres_bello_vr_zu,Andrés Bello,mun_valmore_rodriguez_zu,ABE2
par_raul_cuenca_zu,Raúl Cuenca,mun_valmore_rodriguez_zu,RCE
